{"cameraMode":{"drawMode":0,"name":"Shaded","section":"Shading Mode"},"sceneLighting":true,"audioPlay":false,"sceneViewState":{"m_AlwaysRefresh":false,"showFog":true,"showSkybox":true,"showFlares":true,"showImageEffects":true,"showParticleSystems":true,"showVisualEffectGraphs":true,"m_FxEnabled":true},"in2DMode":false,"pivot":{"x":-0.010312454774975777,"y":-6.8433051109313969,"z":36.726219177246097},"rotation":{"x":-0.15268589556217194,"y":0.019874820485711099,"z":-0.0030512718949466945,"w":-0.9881026744842529},"size":18.082717895507814,"orthographic":false}