{"cameraMode":{"drawMode":0,"name":"Shaded","section":"Shading Mode"},"sceneLighting":false,"audioPlay":false,"sceneViewState":{"m_AlwaysRefresh":false,"showFog":true,"showSkybox":true,"showFlares":true,"showImageEffects":true,"showParticleSystems":true,"showVisualEffectGraphs":true,"m_FxEnabled":true},"in2DMode":false,"pivot":{"x":-1.1429113149642945,"y":2.4779322147369386,"z":-0.7484105229377747},"rotation":{"x":0.009288850240409375,"y":-0.5105255842208862,"z":0.005527922417968512,"w":0.859809935092926},"size":5.196512699127197,"orthographic":false}